user_id,cancel_rate,zero_fill_cancel_rate,cancel_to_order_ratio,avg_fill_ratio,min_fill_ratio,avg_time_to_cancel,min_time_to_cancel,std_time_to_cancel,limit_order_ratio,market_order_ratio,self_trade_count,both_sides_manip,avg_engine_latency,max_engine_latency,unique_sides,unique_instruments,order_book_imbalance,cancel_timing_regularity,avg_price_deviation,quote_to_trade_ratio,latency_cancel_interaction,cancel_intensity_ratio,fill_cancel_interaction,trader_type,predicted_trader_type
1,0.1,0.0,0.1,0.0023895015816021202,0.0,-1596010.2977949772,-1773344.776119749,560780.8591840396,1.0,0.0,0,0,0.0022931995,0.007127974,1,1,1.0,0.0,0.08310930455516304,1.1111111111111112,0.00022931995,1.0,0.00023895015816021204,MANIPULATOR,0
2,0.125,0.0,0.125,0.25030396456641624,0.0,-1551686.8214081984,-1773385.35170164,626976.1618116009,0.75,0.0,0,1,0.00198308375,0.012736205,2,1,0.5,0.0,0.038960441825239514,1.1428571428571428,0.00024788546875,0.02464536490555736,0.03128799557080203,MANIPULATOR,0
3,0.058823529411764705,0.0,0.058823529411764705,0.002040529603707463,0.0,-1669030.377484934,-1773344.776120689,430099.28384800564,1.0,0.0,0,0,0.000479111,0.000687151,1,1,1.0,0.0,0.0,1.0625,2.8183e-05,1.0,0.00012003115315926252,MANIPULATOR,1
4,0.0,0.0,0.0,0.03610826271322986,0.0,-1773344.7761209311,-1773344.776120931,0.0,1.0,0.0,0,0,0.04195318529341317,0.089369422,1,1,1.0,0.0,0.0,1.0060240963855422,0.0,0.0,0.0,MANIPULATOR,1
7,0.0,0.0,0.0,1.0,1.0,-1773385.3516999222,-1773385.351703847,3.4468703874708053e-06,0.0,0.0,0,0,3.9e-08,7.9e-08,1,1,1.0,0.0,0.0,1.0,0.0,0.0,0.0,normal,0
11,0.0,0.0,0.0,1.0,1.0,-1773385.351697834,-1773385.351697834,0.0,0.0,0.0,0,0,2.14e-07,2.14e-07,1,1,1.0,0.0,0.003692717865931378,1.0,0.0,0.0,0.0,normal,0
17,0.0,0.0,0.0,1.0,1.0,-1773385.351702726,-1773385.351702726,0.0,1.0,0.0,0,0,2.7e-08,2.7e-08,1,1,1.0,0.0,0.0015854789759884263,1.0,0.0,0.0,0.0,normal,0
18,0.0,0.0,0.0,1.0,1.0,-1773385.351702923,-1773385.351703355,6.108823436711781e-07,0.0,0.0,0,0,1.3e-08,1.4e-08,1,1,1.0,0.0,5.512253672324667e-05,1.0,0.0,0.0,0.0,normal,0
20,0.0,0.0,0.0,1.0,1.0,-1773385.351701084,-1773385.351701084,0.0,0.0,0.0,0,0,1.3e-08,1.3e-08,1,1,1.0,0.0,0.00024580922903446434,1.0,0.0,0.0,0.0,normal,0
21,0.0,0.0,0.0,1.0,1.0,-1773385.351703376,-1773385.351703376,0.0,0.0,0.0,0,0,1.1e-08,1.1e-08,1,1,1.0,0.0,5.512253672324667e-05,1.0,0.0,0.0,0.0,normal,0
24,0.0,0.0,0.0,1.0,1.0,-1773385.3517024461,-1773385.351702468,3.119843746646395e-08,0.0,0.0,0,0,1.4e-08,1.6e-08,1,1,1.0,0.0,5.512253672324667e-05,1.0,0.0,0.0,0.0,normal,0
92,0.0,0.0,0.0,1.0,1.0,-1773385.3517012685,-1773385.351701431,2.2983203328596902e-07,0.0,0.0,0,0,1.4e-08,1.5e-08,1,1,1.0,0.0,0.0,1.0,0.0,0.0,0.0,normal,0
93,0.0,0.0,0.0,1.0,1.0,-1773385.3517020908,-1773385.351702397,4.212680873050132e-07,0.0,0.0,0,0,2.75e-08,6.7e-08,1,1,1.0,0.0,0.0,1.0,0.0,0.0,0.0,normal,0
98,0.0,0.0,0.0,1.0,1.0,-1773385.351697761,-1773385.351697761,0.0,0.0,0.0,0,0,1.3e-08,1.3e-08,1,1,1.0,0.0,0.0022408802104302524,1.0,0.0,0.0,0.0,normal,0
122,0.0,0.0,0.0,1.0,1.0,-1773385.3516982347,-1773385.351698535,3.9133325148763463e-07,0.0,0.0,0,0,1.5533333333333332e-07,4.38e-07,1,1,1.0,0.0,0.0017369587119435651,1.0,0.0,0.0,0.0,normal,0
130,0.0,0.0,0.0,1.0,1.0,-1773385.3517001162,-1773385.351701058,1.0461864449356533e-06,0.0,0.0,0,0,1.7333333333333333e-08,2e-08,1,1,1.0,0.0,0.00043762165186254416,1.0,0.0,0.0,0.0,normal,0
131,0.0,0.0,0.0,1.0,1.0,-1773385.351698157,-1773385.351698157,0.0,0.0,0.0,0,0,1.99e-07,1.99e-07,1,1,1.0,0.0,0.013043855150990626,1.0,0.0,0.0,0.0,normal,0
148,0.0,0.0,0.0,1.0,1.0,-1773385.351697727,-1773385.351697727,0.0,0.0,0.0,0,0,2.5e-08,2.5e-08,1,1,1.0,0.0,0.002600738345893659,1.0,0.0,0.0,0.0,normal,0
162,0.0,0.0,0.0,1.0,1.0,-1773385.351703394,-1773385.351703394,0.0,0.0,0.0,0,0,1.2e-08,1.2e-08,1,1,1.0,0.0,0.001198851409385895,1.0,0.0,0.0,0.0,normal,0
168,0.0,0.0,0.0,1.0,1.0,-1773385.3517030254,-1773385.351703323,4.205629783542824e-07,0.0,0.0,0,0,1.8999999999999998e-08,2e-08,1,1,1.0,0.0,0.008675260210551176,1.0,0.0,0.0,0.0,normal,0
176,0.0,0.0,0.0,1.0,1.0,-1773385.3516978496,-1773385.351697866,2.3378330033386533e-08,0.0,0.0,0,0,2.95e-08,3.8e-08,1,1,1.0,0.0,0.008675845103492168,1.0,0.0,0.0,0.0,normal,0
194,0.0,0.0,0.0,1.0,1.0,-1773385.351702206,-1773385.351702206,0.0,0.0,0.0,0,0,1.8e-08,1.8e-08,1,1,1.0,0.0,0.00040519922175272374,1.0,0.0,0.0,0.0,normal,0
236,0.0,0.0,0.0,1.0,1.0,-1773385.3516986414,-1773385.351698652,1.4817251429611184e-08,0.0,0.0,0,0,1.2e-08,1.4e-08,1,1,1.0,0.0,0.007760857675597136,1.0,0.0,0.0,0.0,normal,0
251,0.0,0.0,0.0,1.0,1.0,-1773385.351698734,-1773385.351698734,0.0,0.0,0.0,0,0,1.4e-08,1.4e-08,1,1,1.0,0.0,0.007760857675597136,1.0,0.0,0.0,0.0,normal,0
286,0.0,0.0,0.0,1.0,1.0,-1773385.351701891,-1773385.351701891,0.0,0.0,0.0,0,0,2.1e-08,2.1e-08,1,1,1.0,0.0,0.005635456955556473,1.0,0.0,0.0,0.0,normal,0
349,0.0,0.0,0.0,1.0,1.0,-1773385.3516986365,-1773385.351699195,7.899241373252717e-07,0.0,0.0,0,0,2.4e-07,4.39e-07,1,1,1.0,0.0,0.0,1.0,0.0,0.0,0.0,normal,0
359,0.0,0.0,0.0,1.0,1.0,-1773385.351697397,-1773385.351697438,5.795191670247929e-08,0.0,0.0,0,0,2e-08,2.1e-08,1,1,1.0,0.0,0.007760857675597136,1.0,0.0,0.0,0.0,normal,0
398,0.0,0.0,0.0,1.0,1.0,-1773385.351703658,-1773385.351703658,0.0,0.0,0.0,0,0,1.8e-08,1.8e-08,1,1,1.0,0.0,0.005146227253638566,1.0,0.0,0.0,0.0,normal,0
416,0.0,0.0,0.0,1.0,1.0,-1773385.351697667,-1773385.351697667,0.0,0.0,0.0,0,0,1.6e-08,1.6e-08,1,1,1.0,0.0,0.020357113579579228,1.0,0.0,0.0,0.0,normal,0
425,0.0,0.0,0.0,1.0,1.0,-1773385.351697927,-1773385.351697927,0.0,1.0,0.0,0,0,4.18e-07,4.18e-07,1,1,1.0,0.0,0.029102790217985543,1.0,0.0,0.0,0.0,normal,0
544,0.0,0.0,0.0,1.0,1.0,-1773385.351697246,-1773385.351697246,0.0,0.0,0.0,0,0,1.3e-08,1.3e-08,1,1,1.0,0.0,0.0056454437411763885,1.0,0.0,0.0,0.0,normal,0
549,0.0,0.0,0.0,1.0,1.0,-1773385.351703769,-1773385.351703769,0.0,0.0,0.0,0,0,1.4e-08,1.4e-08,1,1,1.0,0.0,0.025640393196026547,1.0,0.0,0.0,0.0,normal,0
565,0.0,0.0,0.0,1.0,1.0,-1773385.351697397,-1773385.351697397,0.0,0.0,0.0,0,0,1.43e-07,1.43e-07,1,1,1.0,0.0,0.0191537268105568,1.0,0.0,0.0,0.0,normal,0
579,0.0,0.0,0.0,1.0,1.0,-1773385.3516997753,-1773385.351703705,3.4052963678623616e-06,0.0,0.0,0,0,2.8e-08,5.3e-08,1,1,1.0,0.0,0.022157317364655427,1.0,0.0,0.0,0.0,normal,0
581,0.0,0.0,0.0,1.0,1.0,-1773385.351698221,-1773385.351698221,0.0,0.0,0.0,0,0,1.7e-08,1.7e-08,1,1,1.0,0.0,0.0056454437411763885,1.0,0.0,0.0,0.0,normal,0
599,0.0,0.0,0.0,1.0,1.0,-1773385.351698254,-1773385.351698254,0.0,0.0,0.0,0,0,1.5e-08,1.5e-08,1,1,1.0,0.0,0.0056454437411763885,1.0,0.0,0.0,0.0,normal,0
617,0.0,0.0,0.0,1.0,1.0,-1773385.351700772,-1773385.351700772,0.0,0.0,0.0,0,0,1.26e-07,1.26e-07,1,1,1.0,0.0,0.02804297438397625,1.0,0.0,0.0,0.0,normal,0
619,0.0,0.0,0.0,1.0,1.0,-1773385.351700908,-1773385.351700908,0.0,0.0,0.0,0,0,1.3e-08,1.3e-08,1,1,1.0,0.0,0.02804297438397625,1.0,0.0,0.0,0.0,normal,0
623,0.0,0.0,0.0,1.0,1.0,-1773385.3517013704,-1773385.351701554,2.5946653614519136e-07,0.0,0.0,0,0,1.7e-08,1.7e-08,1,1,1.0,0.0,0.02804297438397625,1.0,0.0,0.0,0.0,normal,0
625,0.0,0.0,0.0,1.0,1.0,-1773385.351700751,-1773385.351700751,0.0,0.0,0.0,0,0,1.2e-08,1.2e-08,1,1,1.0,0.0,0.02804281187153384,1.0,0.0,0.0,0.0,normal,0
636,0.0,0.0,0.0,1.0,1.0,-1773385.351700442,-1773385.351700442,0.0,0.0,0.0,0,0,1.4e-08,1.4e-08,1,1,1.0,0.0,0.027524436792816884,1.0,0.0,0.0,0.0,normal,0
637,0.0,0.0,0.0,1.0,1.0,-1773385.351700727,-1773385.351700727,0.0,0.0,0.0,0,0,1.6e-08,1.6e-08,1,1,1.0,0.0,0.027524436792816884,1.0,0.0,0.0,0.0,normal,0
689,0.0,0.0,0.0,1.0,1.0,-1773385.351703473,-1773385.351703473,0.0,0.0,0.0,0,0,1.4e-08,1.4e-08,1,1,1.0,0.0,0.02609500172669465,1.0,0.0,0.0,0.0,normal,0
693,0.0,0.0,0.0,1.0,1.0,-1773385.35170125,-1773385.35170125,0.0,0.0,0.0,0,0,1.9e-08,1.9e-08,1,1,1.0,0.0,0.02609500172669465,1.0,0.0,0.0,0.0,normal,0
716,0.0,0.0,0.0,1.0,1.0,-1773385.3516979925,-1773385.351699435,9.90120663983969e-07,0.0,0.0,0,0,2.2e-08,3.1e-08,1,1,1.0,0.0,0.01225542689987193,1.0,0.0,0.0,0.0,normal,0
726,0.0,0.0,0.0,1.0,1.0,-1773385.351699468,-1773385.351699468,0.0,0.0,0.0,0,0,1.5e-08,1.5e-08,1,1,1.0,0.0,0.02674392406606132,1.0,0.0,0.0,0.0,normal,0
736,0.0,0.0,0.0,1.0,1.0,-1773385.3516987676,-1773385.351698791,2.401205354249801e-08,0.0,0.0,0,0,1.4e-08,1.6e-08,1,1,1.0,0.0,0.007185449042192282,1.0,0.0,0.0,0.0,normal,0
742,0.0,0.0,0.0,1.0,1.0,-1773385.351701597,-1773385.351701597,0.0,0.0,0.0,0,0,1.7e-08,1.7e-08,1,1,1.0,0.0,0.031219780811343367,1.0,0.0,0.0,0.0,normal,0
770,0.0,0.0,0.0,1.0,1.0,-1773385.351702965,-1773385.351702965,0.0,0.0,0.0,0,0,4.1e-08,4.1e-08,1,1,1.0,0.0,0.02609500172669465,1.0,0.0,0.0,0.0,normal,0
783,0.0,0.0,0.0,1.0,1.0,-1773385.35170158,-1773385.35170158,0.0,0.0,0.0,0,0,9e-09,9e-09,1,1,1.0,0.0,0.029123687204176497,1.0,0.0,0.0,0.0,normal,0
796,0.0,0.0,0.0,1.0,1.0,-1773385.351700414,-1773385.351700414,0.0,0.0,0.0,0,0,1.8e-08,1.8e-08,1,1,1.0,0.0,0.019634706563471237,1.0,0.0,0.0,0.0,normal,0
818,0.0,0.0,0.0,0.5,0.0,-1773385.351699068,-1773385.351699648,3.8685405251263946e-07,0.75,0.0,0,1,2.0225e-07,7.85e-07,2,1,0.0,0.0,0.001002004051030695,2.0,0.0,0.0,0.0,normal,0
832,0.0,0.0,0.0,1.0,1.0,-1773385.3516980833,-1773385.351698485,5.677476779769301e-07,0.0,0.0,0,0,4.4e-08,7.5e-08,1,1,1.0,0.0,0.0031576705084095233,1.0,0.0,0.0,0.0,normal,0
842,0.0,0.0,0.0,1.0,1.0,-1773385.35169857,-1773385.35169857,0.0,0.0,0.0,0,0,1.4e-08,1.4e-08,1,1,1.0,0.0,0.0031576705084095233,1.0,0.0,0.0,0.0,normal,0
853,0.0,0.0,0.0,1.0,1.0,-1773385.3516986845,-1773385.351698777,1.3072108483456977e-07,0.0,0.0,0,0,7.05e-08,1.28e-07,1,1,1.0,0.0,0.0031576705084095233,1.0,0.0,0.0,0.0,normal,0
857,0.0,0.0,0.0,1.0,1.0,-1773385.351700468,-1773385.351700468,0.0,0.0,0.0,0,0,1.7e-08,1.7e-08,1,1,1.0,0.0,0.008178664229188263,1.0,0.0,0.0,0.0,normal,0
882,0.0,0.0,0.0,1.0,1.0,-1773385.351697658,-1773385.351697658,0.0,0.0,0.0,0,0,1.4e-08,1.4e-08,1,1,1.0,0.0,0.006659347553937148,1.0,0.0,0.0,0.0,normal,0
894,0.0,0.0,0.0,1.0,1.0,-1773385.351697288,-1773385.351697288,0.0,0.0,0.0,0,0,3.59e-07,3.59e-07,1,1,1.0,0.0,0.006659347553937148,1.0,0.0,0.0,0.0,normal,0
900,0.0,0.0,0.0,1.0,1.0,-1773385.3516997756,-1773385.351699875,1.4084618258926037e-07,0.0,0.0,0,0,1.5000000000000002e-08,1.6e-08,1,1,1.0,0.0,0.004597777377255234,1.0,0.0,0.0,0.0,normal,0
906,0.0,0.0,0.0,1.0,1.0,-1773385.351699921,-1773385.351699921,0.0,0.0,0.0,0,0,1.4e-08,1.4e-08,1,1,1.0,0.0,0.008697556756675193,1.0,0.0,0.0,0.0,normal,0
918,0.0,0.0,0.0,1.0,1.0,-1773385.351701415,-1773385.351701415,0.0,0.0,0.0,0,0,9.9e-08,9.9e-08,1,1,1.0,0.0,0.01576531678491433,1.0,0.0,0.0,0.0,normal,0
922,0.0,0.0,0.0,1.0,1.0,-1773385.351701208,-1773385.351701393,2.615244747773233e-07,0.0,0.0,0,0,1.35e-08,1.4e-08,1,1,1.0,0.0,0.014503946473475762,1.0,0.0,0.0,0.0,normal,0
924,0.0,0.0,0.0,1.0,1.0,-1773385.351698175,-1773385.351698175,0.0,0.0,0.0,0,0,2.58e-07,2.58e-07,1,1,1.0,0.0,0.01132021178899229,1.0,0.0,0.0,0.0,normal,0
929,0.0,0.0,0.0,1.0,1.0,-1773385.351703432,-1773385.351703432,0.0,0.0,0.0,0,0,1.7e-08,1.7e-08,1,1,1.0,0.0,0.014111792237972312,1.0,0.0,0.0,0.0,normal,0
931,0.0,0.0,0.0,1.0,1.0,-1773385.351699899,-1773385.351699899,0.0,0.0,0.0,0,0,1.3e-08,1.3e-08,1,1,1.0,0.0,0.0056429409512291735,1.0,0.0,0.0,0.0,normal,0
957,0.0,0.0,0.0,1.0,1.0,-1773385.351699341,-1773385.35169962,3.947151058884026e-07,0.0,0.0,0,0,1.85e-08,1.9e-08,1,1,1.0,0.0,0.0013006929264498081,1.0,0.0,0.0,0.0,normal,0
1000,0.0,0.0,0.0,1.0,1.0,-1773385.3516989064,-1773385.351699015,1.5344087035997358e-07,0.0,0.0,0,0,3.1999999999999995e-08,3.6e-08,1,1,1.0,0.0,0.0020040094029286294,1.0,0.0,0.0,0.0,normal,0
1003,0.0,0.0,0.0,1.0,1.0,-1773385.3517004733,-1773385.351700983,5.199264933234988e-07,0.0,0.0,0,0,1.7333333333333333e-08,2.7e-08,1,1,1.0,0.0,0.011111107786672549,1.0,0.0,0.0,0.0,normal,0
1032,0.0,0.0,0.0,1.0,1.0,-1773385.3517010123,-1773385.351703924,4.117302581148558e-06,0.0,0.0,0,0,1.55e-08,1.6e-08,1,1,1.0,0.0,0.0,1.0,0.0,0.0,0.0,normal,0
1038,0.0,0.0,0.0,1.0,1.0,-1773385.351703977,-1773385.351703977,0.0,0.0,0.0,0,0,1.5e-08,1.5e-08,1,1,1.0,0.0,0.0,1.0,0.0,0.0,0.0,normal,0
1104,0.0,0.0,0.0,1.0,1.0,-1773385.351698069,-1773385.351698069,0.0,0.0,0.0,0,0,1.7e-08,1.7e-08,1,1,1.0,0.0,0.004009844723769434,1.0,0.0,0.0,0.0,normal,0
1417,0.0,0.0,0.0,1.0,1.0,-1773385.3516992202,-1773385.351699307,7.787793489028383e-08,0.0,0.0,0,0,1.9e-08,2.3e-08,1,1,1.0,0.0,0.0008954859164112724,1.0,0.0,0.0,0.0,normal,0
1420,0.0,0.0,0.0,1.0,1.0,-1773385.351699361,-1773385.351699361,0.0,0.0,0.0,0,0,1.3e-08,1.3e-08,1,1,1.0,0.0,0.00011602731531918387,1.0,0.0,0.0,0.0,normal,0
1422,0.0,0.0,0.0,1.0,1.0,-1773385.3516996854,-1773385.351699988,4.2772465793477616e-07,0.0,0.0,0,0,1.7e-08,1.9e-08,1,1,1.0,0.0,0.00011602731531918387,1.0,0.0,0.0,0.0,normal,0
1429,0.0,0.0,0.0,1.0,1.0,-1773385.351697271,-1773385.351697271,0.0,0.0,0.0,0,0,6.16e-07,6.16e-07,1,1,1.0,0.0,0.002120267993053784,1.0,0.0,0.0,0.0,normal,0
1460,0.0,0.0,0.0,1.0,1.0,-1773385.3517031656,-1773385.351703185,2.7576428408721328e-08,0.0,0.0,0,0,1.95e-08,2.4e-08,1,1,1.0,0.0,0.00788288351791957,1.0,0.0,0.0,0.0,normal,0
1462,0.0,0.0,0.0,1.0,1.0,-1773385.351701338,-1773385.351701352,1.9756335239481578e-08,0.0,0.0,0,0,1.45e-08,1.9e-08,1,1,1.0,0.0,0.0023612681870305574,1.0,0.0,0.0,0.0,normal,0
1469,0.0,0.0,0.0,1.0,1.0,-1773385.351699123,-1773385.351699123,0.0,0.0,0.0,0,0,2.3e-08,2.3e-08,1,1,1.0,0.0,0.002120267993053784,1.0,0.0,0.0,0.0,normal,0
1500,0.0,0.0,0.0,1.0,1.0,-1773385.351700017,-1773385.351700017,0.0,0.0,0.0,0,0,1.4e-08,1.4e-08,1,1,1.0,0.0,0.0,1.0,0.0,0.0,0.0,normal,0
1514,0.0,0.0,0.0,1.0,1.0,-1773385.3517000584,-1773385.351700075,2.3378330033386533e-08,0.0,0.0,0,0,1.55e-08,1.8e-08,1,1,1.0,0.0,0.0026637790154018124,1.0,0.0,0.0,0.0,normal,0
1560,0.0,0.0,0.0,1.0,1.0,-1773385.351703069,-1773385.351703069,0.0,0.0,0.0,0,0,3.1e-08,3.1e-08,1,1,1.0,0.0,0.011891297594206525,1.0,0.0,0.0,0.0,normal,0
1565,0.0,0.0,0.0,1.0,1.0,-1773385.351700848,-1773385.351700848,0.0,0.0,0.0,0,0,1.61e-07,1.61e-07,1,1,1.0,0.0,0.016275075581664532,1.0,0.0,0.0,0.0,normal,0
1572,0.0,0.0,0.0,1.0,1.0,-1773385.351699337,-1773385.351699337,0.0,0.0,0.0,0,0,1.3e-08,1.3e-08,1,1,1.0,0.0,0.0006666411704244525,1.0,0.0,0.0,0.0,normal,0
1590,0.0,0.0,0.0,1.0,1.0,-1773385.351700221,-1773385.351700221,0.0,0.0,0.0,0,0,6.07e-07,6.07e-07,1,1,1.0,0.0,0.01608520140325726,1.0,0.0,0.0,0.0,normal,0
1617,0.0,0.0,0.0,1.0,1.0,-1773385.351701734,-1773385.351701734,0.0,0.0,0.0,0,0,1.5e-08,1.5e-08,1,1,1.0,0.0,0.0,1.0,0.0,0.0,0.0,normal,0
1618,0.0,0.0,0.0,0.6666666666666666,0.0,-1773385.351700824,-1773385.351703142,3.083946585681797e-06,0.3333333333333333,0.0,0,0,1.2999999999999999e-08,2.3e-08,1,1,1.0,0.0,0.0013360053440213844,1.5,0.0,0.0,0.0,normal,0
1620,0.0,0.0,0.0,1.0,1.0,-1773385.351698871,-1773385.351698871,0.0,0.0,0.0,0,0,2.2e-08,2.2e-08,1,1,1.0,0.0,0.0,1.0,0.0,0.0,0.0,normal,0
1624,0.0,0.0,0.0,1.0,1.0,-1773385.351701986,-1773385.351701986,0.0,0.0,0.0,0,0,1.3e-08,1.3e-08,1,1,1.0,0.0,0.0,1.0,0.0,0.0,0.0,normal,0
1625,0.0,0.0,0.0,1.0,1.0,-1773385.351701756,-1773385.351701756,0.0,0.0,0.0,0,0,2.21e-07,2.21e-07,1,1,1.0,0.0,0.0,1.0,0.0,0.0,0.0,normal,0
1632,0.0,0.0,0.0,1.0,1.0,-1773385.351698653,-1773385.351698653,0.0,0.0,0.0,0,0,1.9e-08,1.9e-08,1,1,1.0,0.0,0.002004008016032175,1.0,0.0,0.0,0.0,normal,0
1647,0.0,0.0,0.0,1.0,1.0,-1773385.351697333,-1773385.351697333,0.0,0.0,0.0,0,0,1.8e-08,1.8e-08,1,1,1.0,0.0,0.002004008016032175,1.0,0.0,0.0,0.0,normal,0
1672,0.0,0.0,0.0,1.0,1.0,-1773385.351701456,-1773385.351701456,0.0,0.0,0.0,0,0,1.7e-08,1.7e-08,1,1,1.0,0.0,0.002004008016032175,1.0,0.0,0.0,0.0,normal,0
1725,0.0,0.0,0.0,1.0,1.0,-1773385.351700278,-1773385.351700278,0.0,0.0,0.0,0,0,2.87e-07,2.87e-07,1,1,1.0,0.0,0.002004008016032175,1.0,0.0,0.0,0.0,normal,0
1729,0.0,0.0,0.0,1.0,1.0,-1773385.3517033735,-1773385.35170357,2.7790578236870754e-07,0.0,0.0,0,0,1.4e-08,1.6e-08,1,1,1.0,0.0,0.004723985629464783,1.0,0.0,0.0,0.0,normal,0
1751,0.0,0.0,0.0,1.0,1.0,-1773385.351697368,-1773385.351697368,0.0,0.0,0.0,0,0,2.2e-08,2.2e-08,1,1,1.0,0.0,0.002004008016032175,1.0,0.0,0.0,0.0,normal,0
1772,0.0,0.0,0.0,1.0,1.0,-1773385.351700836,-1773385.351700836,0.0,0.0,0.0,0,0,1.7e-08,1.7e-08,1,1,1.0,0.0,0.002004008016032175,1.0,0.0,0.0,0.0,normal,0
1819,0.0,0.0,0.0,1.0,1.0,-1773385.351697431,-1773385.351697431,0.0,0.0,0.0,0,0,1.6e-08,1.6e-08,1,1,1.0,0.0,0.003343731094228144,1.0,0.0,0.0,0.0,normal,0
1883,0.0,0.0,0.0,1.0,1.0,-1773385.351697501,-1773385.351697501,0.0,0.0,0.0,0,0,3.9e-07,3.9e-07,1,1,1.0,0.0,0.0007045242071874135,1.0,0.0,0.0,0.0,normal,0
1892,0.0,0.0,0.0,1.0,1.0,-1773385.351697976,-1773385.351697976,0.0,0.0,0.0,0,0,1.6e-08,1.6e-08,1,1,1.0,0.0,0.0007045242071874135,1.0,0.0,0.0,0.0,normal,0
1916,0.0,0.0,0.0,1.0,1.0,-1773385.35169746,-1773385.35169746,0.0,0.0,0.0,0,0,3e-08,3e-08,1,1,1.0,0.0,0.001969489207671962,1.0,0.0,0.0,0.0,normal,0
1983,0.0,0.0,0.0,1.0,1.0,-1773385.351698274,-1773385.351698274,0.0,0.0,0.0,0,0,1.81e-07,1.81e-07,1,1,1.0,0.0,0.0,1.0,0.0,0.0,0.0,normal,0
2178,0.0,0.0,0.0,1.0,1.0,-1773385.351697621,-1773385.351697621,0.0,0.0,0.0,0,0,1.8e-08,1.8e-08,1,1,1.0,0.0,0.003692717865931378,1.0,0.0,0.0,0.0,normal,0
2247,0.0,0.0,0.0,1.0,1.0,-1773385.351697508,-1773385.351697508,0.0,0.0,0.0,0,0,2.4e-08,2.4e-08,1,1,1.0,0.0,0.0033174516203507876,1.0,0.0,0.0,0.0,normal,0
2303,0.0,0.0,0.0,1.0,1.0,-1773385.351697563,-1773385.351697563,0.0,0.0,0.0,0,0,1.9e-08,1.9e-08,1,1,1.0,0.0,0.00025560969233290505,1.0,0.0,0.0,0.0,normal,0
2342,0.0,0.0,0.0,1.0,1.0,-1773385.351697541,-1773385.351697541,0.0,0.0,0.0,0,0,1.3e-08,1.3e-08,1,1,1.0,0.0,0.0,1.0,0.0,0.0,0.0,normal,0
2528,0.0,0.0,0.0,1.0,1.0,-1773385.351698148,-1773385.351698148,0.0,0.0,0.0,0,0,5.725e-06,5.725e-06,1,1,1.0,0.0,0.0,1.0,0.0,0.0,0.0,normal,0
2616,0.0,0.0,0.0,1.0,1.0,-1773385.35170363,-1773385.35170363,0.0,0.0,0.0,0,0,1.88e-07,1.88e-07,1,1,1.0,0.0,0.0009990010003052359,1.0,0.0,0.0,0.0,normal,0
2624,0.0,0.0,0.0,1.0,1.0,-1773385.3517006426,-1773385.351703573,4.144467542108238e-06,0.0,0.0,0,0,2.8999999999999998e-08,4.4e-08,1,1,1.0,0.0,0.0009990010003052359,1.0,0.0,0.0,0.0,normal,0
2625,0.0,0.0,0.0,1.0,1.0,-1773385.351697689,-1773385.351697689,0.0,0.0,0.0,0,0,1.4e-08,1.4e-08,1,1,1.0,0.0,0.0009990010003052359,1.0,0.0,0.0,0.0,normal,0
2635,0.0,0.0,0.0,1.0,1.0,-1773385.35169762,-1773385.35169762,0.0,0.0,0.0,0,0,3.3e-08,3.3e-08,1,1,1.0,0.0,0.004006014026310758,1.0,0.0,0.0,0.0,normal,0
2662,0.0,0.0,0.0,1.0,1.0,-1773385.351697663,-1773385.351697663,0.0,0.0,0.0,0,0,1.3e-08,1.3e-08,1,1,1.0,0.0,0.004006014026310758,1.0,0.0,0.0,0.0,normal,0
2816,0.0,0.0,0.0,0.3333333333333333,0.0,-1773385.3516997618,-1773385.351699767,9.107220552679126e-09,1.0,0.0,0,1,1.4333333333333334e-08,3.4e-08,2,1,0.3333333333333333,0.0,0.003328010645655226,3.0,0.0,0.0,0.0,normal,0
2817,0.0,0.0,0.0,0.0,0.0,-1773385.351702351,-1773385.351702351,0.0,1.0,0.0,0,0,4e-09,4e-09,1,1,1.0,0.0,0.0020371637852911314,0.0,0.0,0.0,0.0,normal,1
2818,0.0,0.0,0.0,0.5652173913043479,0.0,-1773385.351698789,-1773385.351699075,1.600499420287046e-07,0.8,0.0,0,1,5.784e-07,2.499e-06,2,1,0.2,0.0,0.0023952095766113695,1.6666666666666667,0.0,0.0,0.0,normal,0
2819,0.0,0.0,0.0,0.75,0.0,-1773385.3516998317,-1773385.351699859,3.4259877435516304e-08,0.5,0.0,0,1,3.61e-07,1.402e-06,2,1,0.0,0.0,0.0020175838878886557,1.3333333333333333,0.0,0.0,0.0,normal,0
2820,0.0,0.0,0.0,0.75,0.0,-1773385.351700969,-1773385.351702141,8.199555603293505e-07,0.5,0.0,0,1,2.475e-07,5.31e-07,2,1,0.5,0.0,0.002008330029655947,1.3333333333333333,0.0,0.0,0.0,normal,0
2821,0.0,0.0,0.0,0.3333333333333333,0.0,-1773385.3517011118,-1773385.351701116,6.8556665742469285e-09,1.0,0.0,0,1,4.4e-08,1.26e-07,2,1,0.3333333333333333,0.0,0.0013306719870063164,3.0,0.0,0.0,0.0,normal,0
2822,0.0,0.0,0.0,0.5,0.0,-1773385.3517018547,-1773385.351702123,1.7988614665909526e-07,0.75,0.0,0,1,9.825e-08,3.75e-07,2,1,0.0,0.0,0.001035126622475112,2.0,0.0,0.0,0.0,normal,0
2823,0.0,0.0,0.0,0.6666666666666666,0.0,-1773385.3517019225,-1773385.351703847,1.666851148196485e-06,0.6666666666666666,0.0,0,0,2.3566666666666665e-07,6.79e-07,1,1,1.0,0.0,0.002012437379371403,1.5,0.0,0.0,0.0,normal,0
2825,0.0,0.0,0.0,0.7133333333333333,0.0,-1773385.3517016773,-1773385.35170381,1.3289465291672623e-06,0.6,0.0,0,0,2.3060000000000001e-07,6.14e-07,1,1,1.0,0.0,0.002007492098187457,1.25,0.0,0.0,0.0,normal,0
2848,0.0,0.0,0.0,1.0,1.0,-1773385.351702101,-1773385.351702101,0.0,0.0,0.0,0,0,1.4e-08,1.4e-08,1,1,1.0,0.0,0.003037200873497006,1.0,0.0,0.0,0.0,normal,0
2864,0.0,0.0,0.0,1.0,1.0,-1773385.3517016824,-1773385.351702075,3.480383582126522e-07,0.0,0.0,0,1,8.2e-08,1.39e-07,2,1,0.3333333333333333,0.0,0.002370509481359756,1.0,0.0,0.0,0.0,normal,0
2971,0.0,0.0,0.0,1.0,1.0,-1773385.35169904,-1773385.35169904,0.0,0.0,0.0,0,0,2.3e-08,2.3e-08,1,1,1.0,0.0,0.002446129551493081,1.0,0.0,0.0,0.0,normal,0
2985,0.0,0.0,0.0,1.0,1.0,-1773385.351697786,-1773385.351697786,0.0,0.0,0.0,0,0,1.5e-08,1.5e-08,1,1,1.0,0.0,0.0019960079805095795,1.0,0.0,0.0,0.0,normal,0
3015,0.0,0.0,0.0,1.0,1.0,-1773385.3517012459,-1773385.351701297,3.992376858231685e-08,0.0,0.0,0,0,1.9666666666666667e-08,4.8e-08,1,1,1.0,0.0,0.0011973841717535644,1.0,0.0,0.0,0.0,normal,0
